<?xml version="1.0" encoding="UTF-8" ?>
<XMLDB PATH="mod/moodleforum/db" VERSION="20170720" COMMENT="XMLDB file for Moodle mod/moodleforum"
    xmlns:xsi="http://www.w3.org/2001/XMLSchema-instance"
    xsi:noNamespaceSchemaLocation="../../../lib/xmldb/xmldb.xsd"
>
  <TABLES>
    <TABLE NAME="moodleforum" COMMENT="moodleforums contain and structure discussion">
      <FIELDS>
        <FIELD NAME="id" TYPE="int" LENGTH="10" NOTNULL="true" SEQUENCE="true"/>
        <FIELD NAME="course" TYPE="int" LENGTH="10" NOTNULL="true" SEQUENCE="false" COMMENT="Course moodleforum activity belongs to"/>
        <FIELD NAME="name" TYPE="char" LENGTH="255" NOTNULL="true" SEQUENCE="false" COMMENT="name field for moodle instances"/>
        <FIELD NAME="intro" TYPE="text" NOTNULL="true" SEQUENCE="false" COMMENT="General introduction of the moodleforum activity"/>
        <FIELD NAME="introformat" TYPE="int" LENGTH="4" NOTNULL="true" DEFAULT="0" SEQUENCE="false" COMMENT="Format of the intro field (MOODLE, HTML, MARKDOWN...)"/>
        <FIELD NAME="maxbytes" TYPE="int" LENGTH="10" NOTNULL="true" DEFAULT="0" SEQUENCE="false"/>
        <FIELD NAME="maxattachments" TYPE="int" LENGTH="10" NOTNULL="true" DEFAULT="1" SEQUENCE="false" COMMENT="Number of attachments allowed per post"/>
        <FIELD NAME="timecreated" TYPE="int" LENGTH="10" NOTNULL="true" SEQUENCE="false"/>
        <FIELD NAME="timemodified" TYPE="int" LENGTH="10" NOTNULL="true" DEFAULT="0" SEQUENCE="false"/>
        <FIELD NAME="forcesubscribe" TYPE="int" LENGTH="1" NOTNULL="true" DEFAULT="0" SEQUENCE="false" COMMENT="Determines whether the subscription for this instance is forced."/>
        <FIELD NAME="trackingtype" TYPE="int" LENGTH="2" NOTNULL="true" DEFAULT="1" SEQUENCE="false" COMMENT="Determines the tracking type of the moodleforum instance. 0 - Off. 1 - Optional. 2 - Forced."/>
        <FIELD NAME="ratingpreference" TYPE="int" LENGTH="1" NOTNULL="true" DEFAULT="0" SEQUENCE="false"/>
        <FIELD NAME="coursewidereputation" TYPE="int" LENGTH="1" NOTNULL="true" DEFAULT="0" SEQUENCE="false"/>
        <FIELD NAME="allownegativereputation" TYPE="int" LENGTH="1" NOTNULL="true" DEFAULT="0" SEQUENCE="false"/>
      </FIELDS>
      <KEYS>
        <KEY NAME="primary" TYPE="primary" FIELDS="id"/>
      </KEYS>
      <INDEXES>
        <INDEX NAME="course" UNIQUE="false" FIELDS="course"/>
      </INDEXES>
    </TABLE>
    <TABLE NAME="moodleforum_discussions" COMMENT="moodleforums are composed of discussions">
      <FIELDS>
        <FIELD NAME="id" TYPE="int" LENGTH="10" NOTNULL="true" SEQUENCE="true"/>
        <FIELD NAME="course" TYPE="int" LENGTH="10" NOTNULL="true" DEFAULT="0" SEQUENCE="false" COMMENT="Course moodleforum discussion belongs to"/>
        <FIELD NAME="moodleforum" TYPE="int" LENGTH="10" NOTNULL="true" DEFAULT="0" SEQUENCE="false" COMMENT="moodleforum moodleforum_discussion belongs to"/>
        <FIELD NAME="name" TYPE="char" LENGTH="255" NOTNULL="true" SEQUENCE="false" COMMENT="Name field for the moodleforum_discussion"/>
        <FIELD NAME="firstpost" TYPE="int" LENGTH="10" NOTNULL="true" DEFAULT="0" SEQUENCE="false" COMMENT="the id of the first post of the moodleforum_discussion"/>
        <FIELD NAME="userid" TYPE="int" LENGTH="10" NOTNULL="true" DEFAULT="0" SEQUENCE="false" COMMENT="id of the user who started the moodleforum_discussion"/>
        <FIELD NAME="timemodified" TYPE="int" LENGTH="10" NOTNULL="true" DEFAULT="0" SEQUENCE="false"/>
        <FIELD NAME="timestart" TYPE="int" LENGTH="10" NOTNULL="true" DEFAULT="0" SEQUENCE="false"/>
        <FIELD NAME="usermodified" TYPE="int" LENGTH="10" NOTNULL="true" DEFAULT="0" SEQUENCE="false"/>
      </FIELDS>
      <KEYS>
        <KEY NAME="primary" TYPE="primary" FIELDS="id"/>
        <KEY NAME="moodleforum" TYPE="foreign" FIELDS="moodleforum" REFTABLE="moodleforum" REFFIELDS="id"/>
      </KEYS>
      <INDEXES>
        <INDEX NAME="userid" UNIQUE="false" FIELDS="userid"/>
        <INDEX NAME="course" UNIQUE="false" FIELDS="course"/>
      </INDEXES>
    </TABLE>
    <TABLE NAME="moodleforum_posts" COMMENT="All posts are stored in this table">
      <FIELDS>
        <FIELD NAME="id" TYPE="int" LENGTH="10" NOTNULL="true" SEQUENCE="true"/>
        <FIELD NAME="discussion" TYPE="int" LENGTH="10" NOTNULL="true" DEFAULT="0" SEQUENCE="false" COMMENT="Discussion this post is contributing to"/>
        <FIELD NAME="parent" TYPE="int" LENGTH="10" NOTNULL="true" DEFAULT="0" SEQUENCE="false" COMMENT="post this post is reffering to"/>
        <FIELD NAME="userid" TYPE="int" LENGTH="10" NOTNULL="true" DEFAULT="0" SEQUENCE="false" COMMENT="id of the user who submitted this post"/>
        <FIELD NAME="created" TYPE="int" LENGTH="10" NOTNULL="true" DEFAULT="0" SEQUENCE="false" COMMENT="date this post was created"/>
        <FIELD NAME="modified" TYPE="int" LENGTH="10" NOTNULL="true" DEFAULT="0" SEQUENCE="false" COMMENT="last date this post was modified"/>
        <FIELD NAME="message" TYPE="text" NOTNULL="true" SEQUENCE="false" COMMENT="text of the post"/>
        <FIELD NAME="messageformat" TYPE="int" LENGTH="2" NOTNULL="true" DEFAULT="0" SEQUENCE="false"/>
        <FIELD NAME="attachment" TYPE="char" LENGTH="100" NOTNULL="true" SEQUENCE="false"/>
        <FIELD NAME="mailed" TYPE="int" LENGTH="1" NOTNULL="false" DEFAULT="0" SEQUENCE="false"/>
      </FIELDS>
      <KEYS>
        <KEY NAME="primary" TYPE="primary" FIELDS="id"/>
        <KEY NAME="discussion" TYPE="foreign" FIELDS="discussion" REFTABLE="moodleforum_discussions" REFFIELDS="id"/>
        <KEY NAME="parent" TYPE="foreign" FIELDS="parent" REFTABLE="moodleforum_posts" REFFIELDS="id"/>
      </KEYS>
      <INDEXES>
        <INDEX NAME="userid" UNIQUE="false" FIELDS="userid"/>
        <INDEX NAME="created" UNIQUE="false" FIELDS="created"/>
      </INDEXES>
    </TABLE>
    <TABLE NAME="moodleforum_read" COMMENT="Tracks each users read posts">
      <FIELDS>
        <FIELD NAME="id" TYPE="int" LENGTH="10" NOTNULL="true" SEQUENCE="true"/>
        <FIELD NAME="userid" TYPE="int" LENGTH="10" NOTNULL="true" DEFAULT="0" SEQUENCE="false" COMMENT="User that has read the discussion"/>
        <FIELD NAME="moodleforumid" TYPE="int" LENGTH="10" NOTNULL="true" DEFAULT="0" SEQUENCE="false" COMMENT="moodleforum instance that was read."/>
        <FIELD NAME="discussionid" TYPE="int" LENGTH="10" NOTNULL="true" DEFAULT="0" SEQUENCE="false" COMMENT="id of the forum that has been read"/>
        <FIELD NAME="postid" TYPE="int" LENGTH="10" NOTNULL="true" DEFAULT="0" SEQUENCE="false" COMMENT="id of the post that has been read"/>
        <FIELD NAME="firstread" TYPE="int" LENGTH="10" NOTNULL="true" DEFAULT="0" SEQUENCE="false" COMMENT="date the post was read the first time"/>
        <FIELD NAME="lastread" TYPE="int" LENGTH="10" NOTNULL="true" DEFAULT="0" SEQUENCE="false" COMMENT="date the post was read the last time by the user"/>
      </FIELDS>
      <KEYS>
        <KEY NAME="primary" TYPE="primary" FIELDS="id"/>
      </KEYS>
      <INDEXES>
        <INDEX NAME="userid-moodleforumid" UNIQUE="false" FIELDS="userid, moodleforumid"/>
        <INDEX NAME="userid-discussionid" UNIQUE="false" FIELDS="userid, discussionid"/>
        <INDEX NAME="postid-userid" UNIQUE="false" FIELDS="postid, userid"/>
      </INDEXES>
    </TABLE>
    <TABLE NAME="moodleforum_subscriptions" COMMENT="Keeps track of who is subscribed to what forum">
      <FIELDS>
        <FIELD NAME="id" TYPE="int" LENGTH="10" NOTNULL="true" SEQUENCE="true"/>
        <FIELD NAME="userid" TYPE="int" LENGTH="10" NOTNULL="true" DEFAULT="0" SEQUENCE="false"/>
        <FIELD NAME="moodleforum" TYPE="int" LENGTH="10" NOTNULL="true" DEFAULT="0" SEQUENCE="false"/>
      </FIELDS>
      <KEYS>
        <KEY NAME="primary" TYPE="primary" FIELDS="id"/>
        <KEY NAME="moodleforum" TYPE="foreign" FIELDS="moodleforum" REFTABLE="moodleforum" REFFIELDS="id"/>
      </KEYS>
      <INDEXES>
        <INDEX NAME="userid" UNIQUE="false" FIELDS="userid"/>
      </INDEXES>
    </TABLE>
    <TABLE NAME="moodleforum_discuss_subs" COMMENT="Users may choose to subscribe and unsubscribe from specific discussions.">
      <FIELDS>
        <FIELD NAME="id" TYPE="int" LENGTH="10" NOTNULL="true" SEQUENCE="true"/>
        <FIELD NAME="moodleforum" TYPE="int" LENGTH="10" NOTNULL="true" DEFAULT="0" SEQUENCE="false" COMMENT="Id of the moodleforum instance that contains the discussion that is subscribed or subscribed by the user."/>
        <FIELD NAME="userid" TYPE="int" LENGTH="10" NOTNULL="true" DEFAULT="0" SEQUENCE="false" COMMENT="ID of the user with the custom settings."/>
        <FIELD NAME="discussion" TYPE="int" LENGTH="10" NOTNULL="true" DEFAULT="0" SEQUENCE="false" COMMENT="ID of the discussion that has custom settings."/>
        <FIELD NAME="preference" TYPE="int" LENGTH="10" NOTNULL="true" DEFAULT="1" SEQUENCE="false" COMMENT="Timestamp of the latest change of the custom preference."/>
      </FIELDS>
      <KEYS>
        <KEY NAME="primary" TYPE="primary" FIELDS="id"/>
        <KEY NAME="moodleforum" TYPE="foreign" FIELDS="moodleforum" REFTABLE="moodleforum" REFFIELDS="id"/>
        <KEY NAME="userid" TYPE="foreign" FIELDS="userid" REFTABLE="user" REFFIELDS="id"/>
        <KEY NAME="discussion" TYPE="foreign" FIELDS="discussion" REFTABLE="moodleforum_discussions" REFFIELDS="id"/>
        <KEY NAME="user_discussions" TYPE="unique" FIELDS="userid, discussion" COMMENT="Users may only have one discussion preferences per discussion."/>
      </KEYS>
    </TABLE>
    <TABLE NAME="moodleforum_ratings" COMMENT="moodleforum post can be rated.">
      <FIELDS>
        <FIELD NAME="id" TYPE="int" LENGTH="10" NOTNULL="true" SEQUENCE="true"/>
        <FIELD NAME="userid" TYPE="int" LENGTH="10" NOTNULL="true" DEFAULT="0" SEQUENCE="false" COMMENT="id of the user who submitted the rating"/>
        <FIELD NAME="postid" TYPE="int" LENGTH="10" NOTNULL="true" DEFAULT="0" SEQUENCE="false" COMMENT="id of the post that is rated"/>
        <FIELD NAME="discussionid" TYPE="int" LENGTH="10" NOTNULL="true" DEFAULT="0" SEQUENCE="false" COMMENT="id of the discussion the rated post is part of"/>
        <FIELD NAME="moodleforumid" TYPE="int" LENGTH="10" NOTNULL="true" DEFAULT="0" SEQUENCE="false" COMMENT="id of the moodleforum instance the rated post contains to."/>
        <FIELD NAME="rating" TYPE="int" LENGTH="1" NOTNULL="true" DEFAULT="0" SEQUENCE="false" COMMENT="0 = neutral 1 = negative 2 = positive 3 = solved student 4 = solved teacher"/>
        <FIELD NAME="firstrated" TYPE="int" LENGTH="10" NOTNULL="true" DEFAULT="0" SEQUENCE="false" COMMENT="the date the rating was submitted"/>
        <FIELD NAME="lastchanged" TYPE="int" LENGTH="10" NOTNULL="true" DEFAULT="0" SEQUENCE="false" COMMENT="date the rating was changed the last time."/>
      </FIELDS>
      <KEYS>
        <KEY NAME="primary" TYPE="primary" FIELDS="id"/>
      </KEYS>
      <INDEXES>
        <INDEX NAME="userid-moodleforumid" UNIQUE="false" FIELDS="userid, moodleforumid"/>
        <INDEX NAME="userid-discussionid" UNIQUE="false" FIELDS="userid, discussionid"/>
        <INDEX NAME="postid-userid" UNIQUE="false" FIELDS="postid, userid"/>
      </INDEXES>
    </TABLE>
    <TABLE NAME="moodleforum_tracking" COMMENT="Tracks each users untracked forums">
      <FIELDS>
        <FIELD NAME="id" TYPE="int" LENGTH="10" NOTNULL="true" SEQUENCE="true"/>
        <FIELD NAME="userid" TYPE="int" LENGTH="10" NOTNULL="true" DEFAULT="0" SEQUENCE="false"/>
        <FIELD NAME="moodleforumid" TYPE="int" LENGTH="10" NOTNULL="true" DEFAULT="0" SEQUENCE="false"/>
      </FIELDS>
      <KEYS>
        <KEY NAME="primary" TYPE="primary" FIELDS="id"/>
      </KEYS>
      <INDEXES>
        <INDEX NAME="userid-moodleforumid" UNIQUE="false" FIELDS="userid, moodleforumid"/>
      </INDEXES>
    </TABLE>
  </TABLES>
</XMLDB>